<?xml version="1.0" encoding="UTF-8"?>
<beans xmlns="http://www.springframework.org/schema/beans"
xmlns:xsi="http://www.w3.org/2001/XMLSchema-instance"
xmlns:p="http://www.springframework.org/schema/p"
xmlns:util="http://www.springframework.org/schema/util"
xsi:schemaLocation="http://www.springframework.org/schema/beans
http://www.springframework.org/schema/beans/spring-beans.xsd
http://www.springframework.org/schema/util
http://www.springframework.org/schema/util/spring-util.xsd">
<!-- configuration details go here -->

<util:list id="trackList">
<value> song1</value>
<value> song2</value>
<value> song3</value>
<value> song4</value>
</util:list>

<bean id="compactDisc" class="WiringBeans3.Test3.OldMovieSongCD">
<constructor-arg value="Ye mere Vatan ke logo"/>
<constructor-arg value="Lata Mangeshkar"/>
<constructor-arg ref="trackList"/>

</bean> 
 
 
 <!--  
 <bean id="compactDisc" class="WiringBeans3.Test3.OldMovieSongCD"  
   c:title="mere desh ki dharti"   c:artist="MR"/>
-->



<bean id="cdPlayer" class="WiringBeans3.Test3.SonyCDPlayer">
<constructor-arg ref="compactDisc" />

</bean>
 
<!-- 
<bean id="cdPlayer" class="WiringBeans3.Test3.SonyCDPlayer" c:cd-ref="compactDisc"/>

 -->

 <!--  
 <bean id="cdPlayer" class="WiringBeans3.Test3.SonyCDPlayer" c:_0-ref="compactDisc"/>
 
 -->





</beans>